timestamp,gpu_util_percent,memory_used_MB
1745945013,0,5
1745945014,0,5
1745945015,0,5
1745945016,0,5
1745945017,0,513
1745945018,0,829
1745945019,25,1239
1745945020,30,1239
1745945021,30,1239
1745945022,30,1239
1745945023,30,1239
1745945024,29,1239
1745945025,30,1239
1745945027,31,1239
1745945028,30,1239
1745945029,30,1239
1745945030,31,1239
1745945031,31,1239
1745945032,30,1239
1745945033,30,1239
1745945034,29,1239
1745945035,7,1239
1745945036,32,1241
1745945037,31,1241
1745945038,32,1241
1745945039,31,1241
1745945040,32,1241
1745945041,32,1241
1745945042,31,1241
1745945043,32,1241
1745945044,29,1241
1745945045,32,1241
1745945046,32,1241
1745945047,31,1241
1745945048,28,1241
1745945049,31,1241
1745945050,31,1241
1745945051,32,1241
1745945052,31,1241
1745945053,32,1241
1745945054,31,1241
1745945055,32,1241
1745945056,31,1241
1745945057,32,1241
1745945058,31,1241
1745945059,32,1241
1745945060,31,1241
1745945061,32,1241
1745945062,32,1241
1745945063,33,1241
1745945064,32,1241
1745945065,33,1241
1745945066,32,1241
1745945067,31,1241
1745945068,33,1241
1745945069,33,1241
1745945070,33,1241
1745945071,31,1241
1745945072,32,1241
1745945073,32,1241
1745945074,33,1241
1745945075,32,1241
1745945076,32,1241
1745945077,33,1241
1745945078,32,1241
1745945080,32,1241
1745945081,31,1241
1745945082,31,1241
1745945083,31,1241
1745945084,31,1241
1745945085,29,1241
1745945086,31,1241
1745945087,32,1241
1745945088,31,1241
1745945089,30,1241
1745945090,31,1241
1745945091,32,1241
1745945092,31,1241
1745945093,29,1241
1745945094,31,1241
1745945095,31,1241
1745945096,31,1241
1745945097,32,1241
1745945098,30,1241
1745945099,31,1241
1745945100,31,1241
1745945101,31,1241
1745945102,32,1241
1745945103,31,1241
1745945104,32,1241
1745945105,32,1241
1745945106,28,1241
1745945107,32,1241
1745945108,32,1241
1745945109,32,1241
1745945110,32,1241
1745945111,32,1241
1745945112,32,1241
1745945113,32,1241
1745945114,32,1241
1745945115,33,1241
1745945116,33,1241
1745945117,32,1241
1745945118,33,1241
1745945119,32,1241
1745945120,33,1241
1745945121,33,1241
1745945122,32,1241
1745945123,33,1241
1745945124,33,1241
1745945125,34,1241
1745945126,33,1241
1745945127,32,1241
1745945128,32,1241
1745945129,32,1241
1745945130,32,1241
1745945131,32,1241
1745945133,33,1241
1745945134,32,1241
1745945135,32,1241
1745945136,32,1241
1745945137,32,1241
1745945138,32,1241
1745945139,32,1241
1745945140,33,1241
1745945141,29,1241
1745945142,33,1241
1745945143,33,1241
1745945144,33,1241
1745945145,32,1241
1745945146,32,1241
1745945147,31,1241
1745945148,33,1241
1745945149,32,1241
1745945150,31,1241
1745945151,31,1241
1745945152,31,1241
1745945153,32,1241
1745945154,32,1241
1745945155,32,1241
1745945156,31,1285
1745945157,32,1285
1745945158,32,1285
1745945159,31,1285
1745945160,32,1285
1745945161,32,1285
1745945162,32,1285
1745945163,32,1285
1745945164,31,1285
1745945165,32,1285
1745945166,32,1285
1745945167,32,1285
1745945168,32,1285
1745945169,32,1285
1745945170,31,1285
1745945171,31,1285
1745945172,32,1285
1745945173,32,1285
1745945174,30,1285
1745945175,31,1285
1745945176,32,1285
1745945177,32,1285
1745945178,32,1285
1745945179,32,1285
1745945180,32,1285
1745945181,30,1285
1745945182,32,1285
1745945183,31,1285
1745945184,32,1285
1745945186,31,1285
1745945187,32,1285
1745945188,32,1285
1745945189,31,1285
1745945190,32,1285
1745945191,32,1285
1745945192,32,1285
1745945193,32,1285
1745945194,31,1285
1745945195,30,1285
1745945196,31,1285
1745945197,32,1285
1745945198,32,1285
1745945199,28,1285
1745945200,33,1285
1745945201,29,1285
1745945202,32,1285
1745945203,28,1285
1745945204,31,1285
1745945205,32,1285
1745945206,32,1285
1745945207,33,1285
1745945208,33,1285
1745945209,32,1285
1745945210,31,1285
1745945211,32,1285
1745945212,32,1285
1745945213,29,1285
1745945214,32,1285
1745945215,33,1285
1745945216,32,1285
1745945217,31,1285
1745945218,32,1285
1745945219,32,1285
1745945220,32,1285
1745945221,32,1285
1745945222,33,1285
1745945223,34,1285
1745945224,32,1285
1745945225,32,1285
1745945226,32,1285
1745945227,31,1285
1745945228,33,1285
1745945229,33,1285
1745945230,33,1285
1745945231,32,1285
1745945232,32,1285
1745945233,31,1285
1745945234,32,1285
1745945235,33,1285
1745945236,32,1285
1745945238,32,1285
1745945239,32,1285
1745945240,32,1285
1745945241,31,1285
1745945242,32,1285
1745945243,31,1285
1745945244,31,1285
1745945245,32,1285
1745945246,31,1285
1745945247,32,1285
1745945248,30,1285
1745945249,30,1285
1745945250,29,1285
1745945251,32,1285
1745945252,31,1285
1745945253,30,1285
1745945254,31,1285
1745945255,32,1285
1745945256,30,1285
1745945257,30,1285
1745945258,32,1285
1745945259,31,1285
1745945260,32,1285
1745945261,32,1285
1745945262,32,1285
1745945263,32,1285
1745945264,32,1285
1745945265,32,1285
1745945266,31,1285
1745945267,32,1285
1745945268,31,1285
1745945269,32,1285
1745945270,31,1285
1745945271,31,1285
1745945272,32,1285
1745945273,31,1285
1745945274,31,1285
1745945275,32,1285
1745945276,32,1285
1745945277,32,1285
1745945278,31,1285
1745945279,31,1285
1745945280,33,1285
1745945281,32,1285
1745945282,31,1285
1745945283,32,1285
1745945284,32,1285
1745945285,33,1285
1745945286,32,1285
1745945287,32,1285
1745945288,32,1285
1745945289,31,1285
1745945291,32,1285
1745945292,31,1285
1745945293,31,1285
1745945294,32,1285
1745945295,31,1285
1745945296,32,1285
1745945297,31,1285
1745945298,31,1285
1745945299,30,1285
1745945300,32,1285
1745945301,30,1285
1745945302,32,1285
1745945303,31,1285
1745945304,32,1285
1745945305,31,1285
1745945306,30,1285
1745945307,31,1285
1745945308,32,1285
1745945309,32,1285
1745945310,32,1285
1745945311,32,1285
1745945312,32,1285
1745945313,30,1285
1745945314,31,1285
1745945315,31,1285
1745945316,31,1285
1745945317,32,1285
1745945318,32,1285
1745945319,31,1285
1745945320,31,1285
1745945321,32,1285
1745945322,31,1285
1745945323,31,1285
1745945324,32,1285
1745945325,32,1285
1745945326,30,1285
1745945327,31,1285
1745945328,31,1285
1745945329,32,1285
1745945330,31,1285
1745945331,31,1285
1745945332,32,1285
1745945333,32,1285
1745945334,32,1285
1745945335,32,1285
1745945336,32,1285
1745945337,30,1285
1745945338,32,1285
1745945339,33,1285
1745945340,31,1285
1745945341,32,1285
1745945342,32,1285
1745945344,32,1285
1745945345,32,1285
1745945346,32,1285
1745945347,32,1285
1745945348,31,1285
1745945349,32,1285
1745945350,32,1285
1745945351,31,1285
1745945352,31,1285
1745945353,32,1285
1745945354,32,1285
1745945355,32,1285
1745945356,32,1285
1745945357,33,1285
1745945358,32,1285
1745945359,32,1285
1745945360,34,1285
1745945361,30,1285
1745945362,31,1285
1745945363,32,1285
1745945364,32,1285
1745945365,32,1285
1745945366,31,1285
1745945367,32,1285
1745945368,31,1285
1745945369,32,1285
1745945370,32,1285
1745945371,31,1285
1745945372,31,1285
1745945373,32,1285
1745945374,32,1285
1745945375,33,1285
1745945376,31,1285
1745945377,32,1285
1745945378,32,1285
1745945379,32,1285
1745945380,31,1285
1745945381,32,1285
1745945382,32,1285
1745945383,32,1285
1745945384,32,1285
1745945385,33,1285
1745945386,32,1285
1745945387,32,1285
1745945388,32,1285
1745945389,33,1285
1745945390,30,1285
1745945391,29,1285
1745945392,31,1285
1745945393,31,1285
1745945394,30,1285
1745945396,32,1285
1745945397,32,1285
1745945398,31,1285
1745945399,32,1285
1745945400,28,1285
1745945401,7,1103
1745945402,29,1499
1745945403,29,1499
1745945404,30,1499
1745945405,28,1499
1745945406,28,1499
1745945407,29,1499
1745945408,30,1499
1745945409,29,1499
1745945410,28,1499
1745945411,29,1499
1745945412,29,1499
1745945413,29,1499
1745945414,29,1499
1745945415,30,1499
1745945416,29,1499
1745945417,7,1499
1745945418,31,1241
1745945419,31,1241
1745945420,31,1241
1745945421,32,1241
1745945422,32,1241
1745945423,31,1241
1745945424,32,1241
1745945425,32,1241
1745945426,31,1241
1745945427,32,1241
1745945428,31,1241
1745945429,31,1241
1745945430,29,1241
1745945431,31,1241
1745945432,31,1241
1745945433,32,1241
1745945434,32,1241
1745945435,32,1241
1745945436,32,1241
1745945437,32,1241
1745945438,32,1241
1745945439,32,1241
1745945440,31,1241
1745945441,31,1243
1745945442,32,1243
1745945443,31,1243
1745945444,31,1243
1745945445,31,1243
1745945446,32,1243
1745945448,31,1243
1745945449,31,1243
1745945450,32,1243
1745945451,29,1243
1745945452,31,1243
1745945453,32,1243
1745945454,32,1243
1745945455,32,1243
1745945456,31,1243
1745945457,32,1243
1745945458,31,1243
1745945459,32,1243
1745945460,31,1243
1745945461,31,1243
1745945462,32,1243
1745945463,31,1243
1745945464,31,1243
1745945465,30,1243
1745945466,31,1243
1745945467,31,1243
1745945468,32,1243
1745945469,31,1243
1745945470,31,1243
1745945471,32,1243
1745945472,31,1243
1745945473,31,1243
1745945474,32,1243
1745945475,32,1243
1745945476,30,1243
1745945477,32,1243
1745945478,32,1243
1745945479,31,1243
1745945480,32,1243
1745945481,32,1243
1745945482,32,1243
1745945483,31,1243
1745945484,32,1243
1745945485,31,1243
1745945486,32,1243
1745945487,32,1243
1745945488,32,1243
1745945489,32,1243
1745945490,32,1243
1745945491,32,1243
1745945492,32,1243
1745945493,31,1243
1745945494,32,1243
1745945495,25,1243
1745945496,31,1243
1745945497,32,1243
1745945498,31,1243
1745945499,31,1243
1745945501,31,1243
1745945502,32,1243
1745945503,32,1243
1745945504,31,1243
1745945505,31,1243
1745945506,30,1243
1745945507,32,1243
1745945508,31,1243
1745945509,32,1243
1745945510,31,1243
1745945511,31,1243
1745945512,32,1243
1745945513,31,1243
1745945514,32,1243
1745945515,33,1243
1745945516,32,1243
1745945517,32,1243
1745945518,30,1243
1745945519,32,1243
1745945520,32,1243
1745945521,32,1243
1745945522,32,1243
1745945523,31,1243
1745945524,30,1243
1745945525,33,1243
1745945526,32,1243
1745945527,31,1243
1745945528,31,1243
1745945529,32,1243
1745945530,31,1243
1745945531,32,1243
1745945532,32,1243
1745945533,31,1243
1745945534,31,1243
1745945535,32,1243
1745945536,32,1243
1745945537,32,1243
1745945538,28,1243
1745945539,31,1285
1745945540,32,1285
1745945541,32,1285
1745945542,31,1285
1745945543,32,1285
1745945544,31,1285
1745945545,30,1285
1745945546,32,1285
1745945547,32,1285
1745945548,31,1285
1745945549,31,1285
1745945550,32,1285
1745945551,31,1285
1745945553,31,1285
1745945554,31,1285
1745945555,30,1285
1745945556,32,1285
1745945557,31,1285
1745945558,30,1285
1745945559,31,1285
1745945560,33,1285
1745945561,31,1285
1745945562,31,1285
1745945563,31,1285
1745945564,32,1285
1745945565,32,1285
1745945566,31,1285
1745945567,30,1285
1745945568,30,1285
1745945569,29,1285
1745945570,32,1285
1745945571,33,1285
1745945572,33,1285
1745945573,33,1285
1745945574,32,1285
1745945575,32,1285
1745945576,32,1285
1745945577,31,1285
1745945578,32,1285
1745945579,29,1285
1745945580,30,1285
1745945581,31,1285
1745945582,32,1285
1745945583,32,1285
1745945584,32,1285
1745945585,32,1285
1745945586,32,1285
1745945587,32,1285
1745945588,31,1285
1745945589,32,1285
1745945590,32,1285
1745945591,32,1285
1745945592,31,1285
1745945593,31,1285
1745945594,32,1285
1745945595,31,1285
1745945596,32,1285
1745945597,32,1285
1745945598,31,1285
1745945599,32,1285
1745945600,32,1285
1745945601,32,1285
1745945602,31,1285
1745945603,29,1285
1745945604,31,1285
1745945606,31,1285
1745945607,30,1285
1745945608,31,1285
1745945609,30,1285
1745945610,32,1285
1745945611,31,1285
1745945612,30,1285
1745945613,31,1285
1745945614,29,1285
1745945615,30,1285
1745945616,31,1285
1745945617,31,1285
1745945618,31,1285
1745945619,31,1285
1745945620,32,1285
1745945621,31,1285
1745945622,32,1285
1745945623,33,1285
1745945624,32,1285
1745945625,32,1285
1745945626,30,1285
1745945627,30,1285
1745945628,31,1285
1745945629,30,1285
1745945630,31,1285
1745945631,32,1285
1745945632,32,1285
1745945633,32,1285
1745945634,32,1285
1745945635,32,1285
1745945636,32,1285
1745945637,32,1285
1745945638,30,1285
1745945639,33,1285
1745945640,32,1285
1745945641,31,1285
1745945642,32,1285
1745945643,32,1285
1745945644,32,1285
1745945645,32,1285
1745945646,33,1285
1745945647,32,1285
1745945648,31,1285
1745945649,32,1285
1745945650,32,1285
1745945651,32,1285
1745945652,31,1285
1745945653,27,1285
1745945654,32,1285
1745945655,33,1285
1745945656,33,1285
1745945658,32,1285
1745945659,33,1285
1745945660,32,1285
1745945661,31,1285
1745945662,33,1285
1745945663,32,1285
1745945664,29,1285
1745945665,28,1285
1745945666,31,1285
1745945667,31,1285
1745945668,32,1285
1745945669,31,1285
1745945670,32,1285
1745945671,32,1285
1745945672,30,1285
1745945673,29,1285
1745945674,30,1285
1745945675,31,1285
1745945676,32,1285
1745945677,31,1285
1745945678,31,1285
1745945679,30,1285
1745945680,30,1285
1745945681,31,1285
1745945682,32,1285
1745945683,31,1285
1745945684,31,1285
1745945685,31,1285
1745945686,31,1285
1745945687,32,1285
1745945688,33,1285
1745945689,32,1285
1745945690,31,1285
1745945691,32,1285
1745945692,31,1285
1745945693,31,1285
1745945694,32,1285
1745945695,31,1285
1745945696,30,1285
1745945697,31,1285
1745945698,31,1285
1745945699,31,1285
1745945700,32,1285
1745945701,31,1285
1745945702,29,1285
1745945703,32,1285
1745945704,32,1285
1745945705,32,1285
1745945706,31,1285
1745945707,30,1285
1745945708,32,1285
1745945710,31,1285
1745945711,31,1285
1745945712,31,1285
1745945713,31,1285
1745945714,30,1285
1745945715,31,1285
1745945716,29,1285
1745945717,31,1285
1745945718,29,1285
1745945719,30,1285
1745945720,28,1285
1745945721,31,1285
1745945722,30,1285
1745945723,31,1285
1745945724,31,1285
1745945725,32,1285
1745945726,32,1285
1745945727,31,1285
1745945728,31,1285
1745945729,31,1285
1745945730,31,1285
1745945731,32,1285
1745945732,32,1285
1745945733,32,1285
1745945734,31,1285
1745945735,32,1285
1745945736,32,1285
1745945737,32,1285
1745945738,33,1285
1745945739,31,1285
1745945740,32,1285
1745945741,30,1285
1745945742,32,1285
1745945743,31,1285
1745945744,31,1285
1745945745,32,1285
1745945746,31,1285
1745945747,32,1285
1745945748,32,1285
1745945749,32,1285
1745945750,32,1285
1745945751,32,1285
1745945752,31,1285
1745945753,32,1285
1745945754,32,1285
1745945755,32,1285
1745945756,32,1285
1745945757,32,1285
1745945758,31,1285
1745945759,32,1285
1745945760,31,1285
1745945761,31,1285
1745945763,31,1285
1745945764,31,1285
1745945765,29,1285
1745945766,30,1285
1745945767,32,1285
1745945768,31,1285
1745945769,31,1285
1745945770,31,1285
1745945771,32,1285
1745945772,32,1285
1745945773,32,1285
1745945774,31,1285
1745945775,29,1285
1745945776,31,1285
1745945777,31,1285
1745945778,32,1285
1745945779,32,1285
1745945780,32,1285
1745945781,31,1285
1745945782,32,1285
1745945783,34,1285
1745945784,34,1285
1745945785,0,853
1745945786,32,1499
1745945787,30,1499
1745945788,31,1499
1745945789,29,1499
1745945790,29,1499
1745945791,30,1499
1745945792,27,1499
1745945793,30,1499
1745945794,29,1499
1745945795,29,1499
1745945796,30,1499
1745945797,29,1499
1745945798,28,1499
1745945799,29,1499
1745945800,29,1511
1745945801,26,1511
1745945802,34,1243
1745945803,32,1243
1745945804,32,1243
1745945805,32,1243
1745945806,32,1243
1745945807,32,1243
1745945808,32,1243
1745945809,32,1243
1745945810,30,1243
1745945811,31,1243
1745945812,31,1243
1745945813,31,1243
1745945815,31,1243
1745945816,31,1243
1745945817,31,1243
1745945818,32,1243
1745945819,32,1243
1745945820,33,1243
1745945821,32,1243
1745945822,31,1243
1745945823,29,1243
1745945824,32,1243
1745945825,32,1243
1745945826,31,1243
1745945827,31,1243
1745945828,31,1243
1745945829,31,1243
1745945830,32,1243
1745945831,31,1243
1745945832,30,1243
1745945833,31,1243
1745945834,31,1243
1745945835,29,1243
1745945836,32,1243
1745945837,31,1243
1745945838,30,1243
1745945839,32,1243
1745945840,32,1243
1745945841,32,1243
1745945842,29,1243
1745945843,31,1243
1745945844,31,1243
1745945845,29,1243
1745945846,31,1243
1745945847,31,1243
1745945848,31,1243
1745945849,32,1243
1745945850,31,1243
1745945851,30,1243
1745945852,31,1243
1745945853,31,1243
1745945854,30,1243
1745945855,32,1243
1745945856,31,1243
1745945857,29,1243
1745945858,32,1243
1745945859,30,1243
1745945860,32,1243
1745945861,32,1243
1745945862,32,1243
1745945863,32,1243
1745945864,32,1243
1745945865,31,1243
1745945866,32,1243
1745945868,32,1243
1745945869,30,1243
1745945870,29,1243
1745945871,31,1243
1745945872,31,1243
1745945873,32,1243
1745945874,32,1243
1745945875,31,1243
1745945876,32,1243
1745945877,31,1243
1745945878,30,1243
1745945879,31,1243
1745945880,31,1243
1745945881,31,1243
1745945882,32,1243
1745945883,30,1243
1745945884,31,1243
1745945885,33,1243
1745945886,32,1243
1745945887,32,1243
1745945888,32,1243
1745945889,31,1243
1745945890,32,1243
1745945891,32,1243
1745945892,32,1243
1745945893,32,1243
1745945894,32,1243
1745945895,32,1243
1745945896,32,1243
1745945897,31,1243
1745945898,32,1243
1745945899,32,1243
1745945900,32,1243
1745945901,31,1243
1745945902,32,1243
1745945903,32,1243
1745945904,30,1243
1745945905,32,1243
1745945906,32,1243
1745945907,32,1243
1745945908,32,1243
1745945909,33,1243
1745945910,32,1243
1745945911,32,1243
1745945912,32,1243
1745945913,31,1243
1745945914,29,1243
1745945915,29,1243
1745945916,31,1243
1745945917,31,1243
1745945918,31,1243
1745945920,32,1243
1745945921,31,1243
1745945922,32,1243
1745945923,31,1243
1745945924,32,1243
1745945925,31,1243
1745945926,32,1285
1745945927,31,1285
1745945928,30,1285
1745945929,31,1285
1745945930,31,1285
1745945931,29,1285
1745945932,32,1285
1745945933,31,1285
1745945934,32,1285
1745945935,31,1285
1745945936,31,1285
1745945937,29,1285
1745945938,30,1285
1745945939,28,1285
1745945940,30,1285
1745945941,30,1285
1745945942,31,1285
1745945943,31,1285
1745945944,31,1285
1745945945,32,1285
1745945946,31,1285
1745945947,31,1285
1745945948,32,1285
1745945949,31,1285
1745945950,31,1285
1745945951,32,1285
1745945952,31,1285
1745945953,31,1285
1745945954,31,1285
1745945955,31,1285
1745945956,32,1285
1745945957,32,1285
1745945958,32,1285
1745945959,32,1285
1745945960,31,1285
1745945961,32,1285
1745945962,32,1285
1745945963,32,1285
1745945964,31,1285
1745945965,32,1285
1745945966,32,1285
1745945967,32,1285
1745945968,32,1285
1745945969,32,1285
1745945970,30,1285
1745945972,31,1285
1745945973,31,1285
1745945974,29,1285
1745945975,31,1285
1745945976,31,1285
1745945977,29,1285
1745945978,30,1285
1745945979,30,1285
1745945980,30,1285
1745945981,32,1285
1745945982,31,1285
1745945983,30,1285
1745945984,31,1285
1745945985,30,1285
1745945986,31,1285
1745945987,30,1285
1745945988,31,1285
1745945989,31,1285
1745945990,31,1285
1745945991,31,1285
1745945992,31,1285
1745945993,31,1285
1745945994,31,1285
1745945995,30,1285
1745945996,32,1285
1745945997,31,1285
1745945998,32,1285
1745945999,33,1285
1745946000,32,1285
1745946001,32,1285
1745946002,32,1285
1745946003,32,1285
1745946004,32,1285
1745946005,32,1285
1745946006,32,1285
1745946007,30,1285
1745946008,31,1285
1745946009,32,1285
1745946010,32,1285
1745946011,31,1285
1745946012,32,1285
1745946013,31,1285
1745946014,32,1285
1745946015,32,1285
1745946016,32,1285
1745946017,32,1285
1745946018,32,1285
1745946019,30,1285
1745946020,32,1285
1745946021,31,1285
1745946022,31,1285
1745946023,31,1285
1745946025,31,1285
1745946026,31,1285
1745946027,31,1285
1745946028,31,1285
1745946029,30,1285
1745946030,31,1285
1745946031,30,1285
1745946032,28,1285
1745946033,29,1285
1745946034,31,1285
1745946035,29,1285
1745946036,30,1285
1745946037,31,1285
1745946038,31,1285
1745946039,30,1285
1745946040,30,1285
1745946041,29,1285
1745946042,31,1285
1745946043,30,1285
1745946044,32,1285
1745946045,31,1285
1745946046,32,1285
1745946047,32,1285
1745946048,31,1285
1745946049,30,1285
1745946050,31,1285
1745946051,31,1285
1745946052,31,1285
1745946053,31,1285
1745946054,31,1285
1745946055,32,1285
1745946056,31,1285
1745946057,32,1285
1745946058,33,1285
1745946059,33,1285
1745946060,31,1285
1745946061,32,1285
1745946062,32,1285
1745946063,32,1285
1745946064,32,1285
1745946065,31,1285
1745946066,28,1285
1745946067,31,1285
1745946068,32,1285
1745946069,32,1285
1745946070,32,1285
1745946071,30,1285
1745946072,32,1285
1745946073,31,1285
1745946074,29,1285
1745946075,32,1285
1745946077,30,1285
1745946078,31,1285
1745946079,31,1285
1745946080,32,1285
1745946081,32,1285
1745946082,31,1285
1745946083,32,1285
1745946084,30,1285
1745946085,29,1285
1745946086,30,1285
1745946087,30,1285
1745946088,31,1285
1745946089,31,1285
1745946090,32,1285
1745946091,32,1285
1745946092,29,1285
1745946093,32,1285
1745946094,31,1285
1745946095,30,1285
1745946096,32,1285
1745946097,31,1285
1745946098,31,1285
1745946099,30,1285
1745946100,31,1285
1745946101,30,1285
1745946102,30,1285
1745946103,31,1285
1745946104,31,1285
1745946105,30,1285
1745946106,31,1285
1745946107,32,1285
1745946108,31,1285
1745946109,31,1285
1745946110,31,1285
1745946111,30,1285
1745946112,31,1285
1745946113,31,1285
1745946114,32,1285
1745946115,31,1285
1745946116,31,1285
1745946117,31,1285
1745946118,32,1285
1745946119,32,1285
1745946120,31,1285
1745946121,31,1285
1745946122,31,1285
1745946123,29,1285
1745946124,30,1285
1745946125,31,1285
1745946126,32,1285
1745946127,32,1285
1745946128,32,1285
1745946130,32,1285
1745946131,31,1285
1745946132,32,1285
1745946133,32,1285
1745946134,31,1285
1745946135,31,1285
1745946136,29,1285
1745946137,30,1285
1745946138,31,1285
1745946139,31,1285
1745946140,32,1285
1745946141,32,1285
1745946142,32,1285
1745946143,32,1285
1745946144,32,1285
1745946145,32,1285
1745946146,32,1285
1745946147,30,1285
1745946148,30,1285
1745946149,32,1285
1745946150,32,1285
1745946151,31,1285
1745946152,33,1285
1745946153,30,1285
1745946154,31,1285
1745946155,31,1285
1745946156,32,1285
1745946157,32,1285
1745946158,32,1285
1745946159,31,1285
1745946160,31,1285
1745946161,31,1285
1745946162,31,1285
1745946163,32,1285
1745946164,32,1285
1745946165,32,1285
1745946166,31,1285
1745946167,32,1285
1745946168,32,1285
1745946169,31,1285
1745946170,30,1285
1745946171,31,1285
1745946172,32,1285
1745946173,32,1285
1745946174,0,1285
1745946175,29,1499
1745946176,30,1499
1745946177,30,1499
1745946178,30,1499
1745946179,30,1499
1745946180,31,1499
1745946181,30,1499
1745946183,30,1499
1745946184,29,1499
1745946185,29,1499
1745946186,29,1499
1745946187,27,1499
1745946188,28,1499
1745946189,29,1499
1745946190,30,1499
1745946191,29,1499
1745946192,22,1231
1745946193,29,1231
1745946194,30,1231
1745946195,31,1231
1745946196,31,1231
1745946197,31,1231
1745946198,31,1231
1745946199,31,1231
1745946200,31,1231
1745946201,32,1231
1745946202,31,1231
1745946203,32,1231
1745946204,30,1231
1745946205,31,1231
1745946206,31,1231
1745946207,32,1231
1745946208,31,1231
1745946209,31,1231
1745946210,31,1231
1745946211,32,1231
1745946212,32,1231
1745946213,32,1231
1745946214,33,1231
1745946215,33,1231
1745946216,31,1231
1745946217,32,1231
1745946218,32,1231
1745946219,32,1231
1745946220,32,1231
1745946221,31,1231
1745946222,31,1231
1745946223,31,1231
1745946224,32,1231
1745946225,32,1231
1745946226,32,1231
1745946227,32,1231
1745946228,32,1231
1745946229,32,1243
1745946230,33,1243
1745946231,32,1243
1745946232,32,1243
1745946233,32,1243
1745946234,33,1243
1745946236,32,1243
1745946237,32,1243
1745946238,33,1243
1745946239,30,1243
1745946240,32,1243
1745946241,32,1243
1745946242,32,1243
1745946243,32,1243
1745946244,32,1243
1745946245,31,1243
1745946246,31,1243
1745946247,31,1243
1745946248,28,1243
1745946249,32,1243
1745946250,32,1243
1745946251,33,1243
1745946252,30,1243
1745946253,32,1243
1745946254,32,1243
1745946255,32,1243
1745946256,31,1243
1745946257,32,1243
1745946258,32,1243
1745946259,33,1243
1745946260,32,1243
1745946261,33,1243
1745946262,32,1243
1745946263,30,1243
1745946264,31,1243
1745946265,33,1243
1745946266,32,1243
1745946267,32,1243
1745946268,32,1243
1745946269,31,1243
1745946270,31,1243
1745946271,32,1243
1745946272,31,1243
1745946273,31,1243
1745946274,31,1243
1745946275,32,1243
1745946276,33,1243
1745946277,32,1243
1745946278,32,1243
1745946279,32,1243
1745946280,32,1243
1745946281,32,1243
1745946282,31,1243
1745946283,31,1243
1745946284,31,1243
1745946285,30,1243
1745946286,32,1243
1745946288,30,1243
1745946289,31,1243
1745946290,29,1243
1745946291,31,1243
1745946292,30,1243
1745946293,31,1243
1745946294,31,1243
1745946295,30,1243
1745946296,31,1243
1745946297,30,1243
1745946298,30,1243
1745946299,29,1243
1745946300,31,1243
1745946301,30,1243
1745946302,30,1243
1745946303,31,1243
1745946304,28,1243
1745946305,30,1243
1745946306,32,1243
1745946307,31,1243
1745946308,30,1243
1745946309,29,1243
1745946310,31,1243
1745946311,32,1243
1745946312,31,1243
1745946313,32,1243
1745946314,32,1285
1745946315,32,1285
1745946316,31,1285
1745946317,31,1285
1745946318,32,1285
1745946319,31,1285
1745946320,31,1285
1745946321,31,1285
1745946322,32,1285
1745946323,32,1285
1745946324,32,1285
1745946325,33,1285
1745946326,32,1285
1745946327,32,1285
1745946328,32,1285
1745946329,31,1285
1745946330,31,1285
1745946331,32,1285
1745946332,31,1285
1745946333,32,1285
1745946334,32,1285
1745946335,32,1285
1745946336,31,1285
1745946337,31,1285
1745946338,31,1285
1745946339,31,1285
1745946341,32,1285
1745946342,31,1285
1745946343,28,1285
1745946344,30,1285
1745946345,30,1285
1745946346,31,1285
1745946347,30,1285
1745946348,32,1285
1745946349,30,1285
1745946350,32,1285
1745946351,32,1285
1745946352,31,1285
1745946353,31,1285
1745946354,30,1285
1745946355,30,1285
1745946356,32,1285
1745946357,32,1285
1745946358,31,1285
1745946359,32,1285
1745946360,31,1285
1745946361,32,1285
1745946362,32,1285
1745946363,32,1285
1745946364,30,1285
1745946365,32,1285
1745946366,31,1285
1745946367,30,1285
1745946368,32,1285
1745946369,32,1285
1745946370,32,1285
1745946371,31,1285
1745946372,31,1285
1745946373,32,1285
1745946374,32,1285
1745946375,32,1285
1745946376,32,1285
1745946377,30,1285
1745946378,30,1285
1745946379,31,1285
1745946380,32,1285
1745946381,32,1285
1745946382,32,1285
1745946383,31,1285
1745946384,32,1285
1745946385,32,1285
1745946386,32,1285
1745946387,33,1285
1745946388,32,1285
1745946389,30,1285
1745946390,32,1285
1745946391,33,1285
1745946392,32,1285
1745946394,32,1285
1745946395,32,1285
1745946396,32,1285
1745946397,31,1285
1745946398,32,1285
1745946399,30,1285
1745946400,30,1285
1745946401,30,1285
1745946402,30,1285
1745946403,30,1285
1745946404,31,1285
1745946405,32,1285
1745946406,30,1285
1745946407,30,1285
1745946408,31,1285
1745946409,31,1285
1745946410,30,1285
1745946411,30,1285
1745946412,31,1285
1745946413,31,1285
1745946414,31,1285
1745946415,30,1285
1745946416,32,1285
1745946417,31,1285
1745946418,31,1285
1745946419,31,1285
1745946420,30,1285
1745946421,31,1285
1745946422,31,1285
1745946423,31,1285
1745946424,32,1285
1745946425,33,1285
1745946426,32,1285
1745946427,32,1285
1745946428,32,1285
1745946429,32,1285
1745946430,31,1285
1745946431,31,1285
1745946432,30,1285
1745946433,32,1285
1745946434,31,1285
1745946435,32,1285
1745946436,31,1285
1745946437,31,1285
1745946438,31,1285
1745946439,31,1285
1745946440,32,1285
1745946441,31,1285
1745946442,31,1285
1745946443,30,1285
1745946444,32,1285
1745946445,30,1285
1745946447,30,1285
1745946448,31,1285
1745946449,32,1285
1745946450,32,1285
1745946451,29,1285
1745946452,29,1285
1745946453,31,1285
1745946454,33,1285
1745946455,30,1285
1745946456,32,1285
1745946457,32,1285
1745946458,32,1285
1745946459,31,1285
1745946460,32,1285
1745946461,31,1285
1745946462,30,1285
1745946463,30,1285
1745946464,31,1285
1745946465,32,1285
1745946466,32,1285
1745946467,32,1285
1745946468,32,1285
1745946469,32,1285
1745946470,30,1285
1745946471,29,1285
1745946472,32,1285
1745946473,31,1285
1745946474,32,1285
1745946475,32,1285
1745946476,32,1285
1745946477,32,1285
1745946478,32,1285
1745946479,33,1285
1745946480,32,1285
1745946481,31,1285
1745946482,29,1285
1745946483,31,1285
1745946484,31,1285
1745946485,32,1285
1745946486,31,1285
1745946487,32,1285
1745946488,32,1285
1745946489,31,1285
1745946490,32,1285
1745946491,32,1285
1745946492,32,1285
1745946493,32,1285
1745946494,28,1285
1745946495,33,1285
1745946496,31,1285
1745946497,31,1285
1745946499,30,1285
1745946500,30,1285
1745946501,31,1285
1745946502,31,1285
1745946503,30,1285
1745946504,31,1285
1745946505,31,1285
1745946506,28,1285
1745946507,31,1285
1745946508,30,1285
1745946509,31,1285
1745946510,31,1285
1745946511,32,1285
1745946512,31,1285
1745946513,30,1285
1745946514,32,1285
1745946515,32,1285
1745946516,31,1285
1745946517,30,1285
1745946518,31,1285
1745946519,30,1285
1745946520,32,1285
1745946521,31,1285
1745946522,30,1285
1745946523,31,1285
1745946524,30,1285
1745946525,27,1285
1745946526,32,1285
1745946527,32,1285
1745946528,32,1285
1745946529,31,1285
1745946530,31,1285
1745946531,32,1285
1745946532,32,1285
1745946533,30,1285
1745946534,31,1285
1745946535,32,1285
1745946536,32,1285
1745946537,32,1285
1745946538,32,1285
1745946539,31,1285
1745946540,31,1285
1745946541,32,1285
1745946542,31,1285
1745946543,32,1285
1745946544,32,1285
1745946545,32,1285
1745946546,32,1285
1745946547,31,1285
1745946548,32,1285
1745946549,32,1285
1745946550,32,1285
1745946552,32,1285
1745946553,32,1285
1745946554,29,1285
1745946555,31,1285
1745946556,32,1285
1745946557,32,1285
1745946558,32,1285
1745946559,33,1285
1745946560,32,1285
1745946561,30,1285
1745946562,33,1285
1745946563,11,1103
1745946564,25,1499
1745946565,30,1499
1745946566,29,1499
1745946567,30,1499
1745946568,29,1499
1745946569,29,1499
1745946570,30,1499
1745946571,29,1499
1745946572,29,1499
1745946573,28,1499
1745946574,28,1499
1745946575,28,1499
1745946576,29,1499
1745946577,31,1499
1745946578,29,1499
1745946579,7,1499
1745946580,32,1241
1745946581,31,1241
1745946582,31,1241
1745946583,29,1241
1745946584,31,1241
1745946585,31,1241
1745946586,31,1241
1745946587,32,1241
1745946588,32,1241
1745946589,32,1241
1745946590,32,1241
1745946591,32,1241
1745946592,32,1253
1745946593,30,1253
1745946594,31,1253
1745946595,32,1253
1745946596,31,1253
1745946597,32,1253
1745946598,31,1253
1745946599,32,1253
1745946600,32,1253
1745946601,32,1253
1745946602,32,1253
1745946603,31,1253
1745946605,31,1253
1745946606,30,1253
1745946607,31,1253
1745946608,30,1253
1745946609,30,1253
1745946610,31,1253
1745946611,29,1253
1745946612,31,1253
1745946613,31,1253
1745946614,31,1253
1745946615,31,1253
1745946616,31,1253
1745946617,31,1253
1745946618,31,1253
1745946619,31,1253
1745946620,31,1253
1745946621,31,1253
1745946622,31,1253
1745946623,30,1253
1745946624,30,1253
1745946625,32,1253
1745946626,32,1253
1745946627,32,1253
1745946628,32,1253
1745946629,33,1253
1745946630,32,1253
1745946631,32,1253
1745946632,32,1253
1745946633,30,1253
1745946634,32,1253
1745946635,32,1253
1745946636,32,1253
1745946637,32,1253
1745946638,32,1253
1745946639,32,1253
1745946640,32,1253
1745946641,32,1253
1745946642,32,1253
1745946643,31,1253
1745946644,30,1253
1745946645,31,1253
1745946646,31,1253
1745946647,32,1253
1745946648,31,1253
1745946649,32,1253
1745946650,32,1253
1745946651,32,1253
1745946652,31,1253
1745946653,31,1253
1745946654,31,1253
1745946655,30,1253
1745946656,31,1253
1745946658,32,1253
1745946659,31,1253
1745946660,32,1253
1745946661,31,1253
1745946662,30,1253
1745946663,32,1253
1745946664,31,1253
1745946665,31,1253
1745946666,31,1253
1745946667,32,1253
1745946668,29,1253
1745946669,30,1253
1745946670,32,1253
1745946671,31,1253
1745946672,32,1253
1745946673,32,1253
1745946674,33,1253
1745946675,31,1253
1745946676,32,1253
1745946677,32,1253
1745946678,30,1253
1745946679,31,1253
1745946680,31,1253
1745946681,32,1253
1745946682,32,1253
1745946683,32,1253
1745946684,32,1253
1745946685,32,1253
1745946686,33,1253
1745946687,33,1253
1745946688,33,1253
1745946689,32,1253
1745946690,32,1253
1745946691,32,1253
1745946692,32,1253
1745946693,32,1253
1745946694,32,1253
1745946695,32,1253
1745946696,33,1253
1745946697,33,1253
1745946698,32,1253
1745946699,31,1253
1745946700,32,1253
1745946701,32,1253
1745946702,30,1297
1745946703,31,1297
1745946704,31,1297
1745946705,32,1297
1745946706,32,1297
1745946707,32,1297
1745946708,32,1297
1745946709,32,1297
1745946711,33,1297
1745946712,33,1297
1745946713,29,1297
1745946714,29,1297
1745946715,31,1297
1745946716,31,1297
1745946717,31,1297
1745946718,32,1297
1745946719,32,1297
1745946720,31,1297
1745946721,31,1297
1745946722,32,1297
1745946723,30,1297
1745946724,31,1297
1745946725,31,1297
1745946726,31,1297
1745946727,32,1297
1745946728,32,1297
1745946729,31,1297
1745946730,32,1297
1745946731,32,1297
1745946732,32,1297
1745946733,31,1297
1745946734,31,1297
1745946735,32,1297
1745946736,30,1297
1745946737,30,1297
1745946738,32,1297
1745946739,32,1297
1745946740,30,1297
1745946741,31,1297
1745946742,32,1297
1745946743,32,1297
1745946744,32,1297
1745946745,31,1297
1745946746,31,1297
1745946747,32,1297
1745946748,32,1297
1745946749,32,1297
1745946750,32,1297
1745946751,32,1297
1745946752,32,1297
1745946753,31,1297
1745946754,31,1297
1745946755,33,1297
1745946756,32,1297
1745946757,31,1297
1745946758,32,1297
1745946759,31,1297
1745946760,31,1297
1745946761,33,1297
1745946762,32,1297
1745946764,30,1297
1745946765,31,1297
1745946766,31,1297
1745946767,31,1297
1745946768,32,1297
1745946769,33,1297
1745946770,32,1297
1745946771,31,1297
1745946772,30,1297
1745946773,31,1297
1745946774,31,1297
1745946775,31,1297
1745946776,31,1297
1745946777,32,1297
1745946778,31,1297
1745946779,30,1297
1745946780,32,1297
1745946781,31,1297
1745946782,32,1297
1745946783,28,1297
1745946784,31,1297
1745946785,31,1297
1745946786,31,1297
1745946787,31,1297
1745946788,31,1297
1745946789,31,1297
1745946790,31,1297
1745946791,31,1297
1745946792,31,1297
1745946793,31,1297
1745946794,30,1297
1745946795,30,1297
1745946796,32,1297
1745946797,32,1297
1745946798,33,1297
1745946799,33,1297
1745946800,32,1297
1745946801,32,1297
1745946802,32,1297
1745946803,30,1297
1745946804,32,1297
1745946805,31,1297
1745946806,30,1297
1745946807,31,1297
1745946808,32,1297
1745946809,32,1297
1745946810,32,1297
1745946811,32,1297
1745946812,32,1297
1745946813,32,1297
1745946814,32,1297
1745946816,32,1297
1745946817,32,1297
1745946818,32,1297
1745946819,33,1297
1745946820,32,1297
1745946821,32,1297
1745946822,32,1297
1745946823,32,1297
1745946824,32,1297
1745946825,29,1297
1745946826,29,1297
1745946827,31,1297
1745946828,32,1297
1745946829,31,1297
1745946830,29,1297
1745946831,32,1297
1745946832,32,1297
1745946833,31,1297
1745946834,32,1297
1745946835,30,1297
1745946836,32,1297
1745946837,29,1297
1745946838,31,1297
1745946839,30,1297
1745946840,31,1297
1745946841,30,1297
1745946842,32,1297
1745946843,34,1297
1745946844,32,1297
1745946845,31,1297
1745946846,32,1297
1745946847,32,1297
1745946848,30,1297
1745946849,30,1297
1745946850,31,1297
1745946851,31,1297
1745946852,33,1297
1745946853,32,1297
1745946854,32,1297
1745946855,33,1297
1745946856,32,1297
1745946857,32,1297
1745946858,31,1297
1745946859,31,1297
1745946860,32,1297
1745946861,31,1297
1745946862,31,1297
1745946863,30,1297
1745946864,30,1297
1745946865,31,1297
1745946866,31,1297
1745946867,32,1297
1745946869,33,1297
1745946870,31,1297
1745946871,30,1297
1745946872,32,1297
1745946873,30,1297
1745946874,31,1297
1745946875,31,1297
1745946876,31,1297
1745946877,31,1297
1745946878,31,1297
1745946879,31,1297
1745946880,30,1297
1745946881,31,1297
1745946882,30,1297
1745946883,30,1297
1745946884,32,1297
1745946885,31,1297
1745946886,31,1297
1745946887,32,1297
1745946888,31,1297
1745946889,32,1297
1745946890,30,1297
1745946891,31,1297
1745946892,31,1297
1745946893,31,1297
1745946894,30,1297
1745946895,32,1297
1745946896,31,1297
1745946897,31,1297
1745946898,30,1297
1745946899,27,1297
1745946900,32,1297
1745946901,31,1297
1745946902,31,1297
1745946903,31,1297
1745946904,32,1297
1745946905,32,1297
1745946906,31,1297
1745946907,32,1297
1745946908,30,1297
1745946909,31,1297
1745946910,30,1297
1745946911,30,1297
1745946912,31,1297
1745946913,29,1297
1745946914,31,1297
1745946915,31,1297
1745946916,31,1297
1745946917,31,1297
1745946918,31,1297
1745946919,32,1297
1745946920,30,1297
1745946922,30,1297
1745946923,31,1297
1745946924,31,1297
1745946925,32,1297
1745946926,31,1297
1745946927,30,1297
1745946928,30,1297
1745946929,31,1297
1745946930,29,1297
1745946931,30,1297
1745946932,29,1297
1745946933,30,1297
1745946934,30,1297
1745946935,31,1297
1745946936,31,1297
1745946937,30,1297
1745946938,31,1297
1745946939,32,1297
1745946940,29,1297
1745946941,31,1297
1745946942,31,1297
1745946943,31,1297
1745946944,29,1297
1745946945,29,1297
1745946946,31,1297
1745946947,31,1297
1745946948,32,1297
1745946949,27,1297
1745946950,31,1297
1745946951,0,1103
1745946952,28,1499
1745946953,29,1499
1745946954,29,1499
1745946955,29,1499
1745946956,29,1499
1745946957,29,1499
1745946958,29,1499
1745946959,29,1499
1745946960,29,1499
1745946961,29,1499
1745946962,29,1499
1745946963,27,1499
1745946964,29,1499
1745946965,29,1499
1745946966,29,1499
1745946967,8,1499
1745946968,29,1243
1745946969,30,1243
1745946970,31,1243
1745946971,31,1243
1745946972,31,1243
1745946973,31,1243
1745946975,30,1243
1745946976,30,1243
1745946977,30,1243
1745946978,29,1243
1745946979,31,1243
1745946980,31,1243
1745946981,30,1243
1745946982,31,1243
1745946983,30,1243
1745946984,31,1243
1745946985,29,1243
1745946986,31,1243
1745946987,32,1243
1745946988,31,1243
1745946989,30,1243
1745946990,32,1243
1745946991,31,1243
1745946992,29,1243
1745946993,32,1243
1745946994,31,1243
1745946995,31,1243
1745946996,32,1243
1745946997,32,1243
1745946998,31,1243
1745946999,32,1243
1745947000,30,1243
1745947001,32,1243
1745947002,31,1243
1745947003,31,1243
1745947004,31,1243
1745947005,31,1243
1745947006,32,1243
1745947007,32,1243
1745947008,33,1243
1745947009,32,1243
1745947010,32,1243
1745947011,33,1243
1745947012,32,1243
1745947013,32,1243
1745947014,31,1243
1745947015,31,1243
1745947016,30,1243
1745947017,31,1243
1745947018,32,1243
1745947019,32,1243
1745947020,32,1243
1745947021,32,1243
1745947022,32,1243
1745947023,32,1243
1745947024,31,1243
1745947025,32,1243
1745947027,30,1243
1745947028,32,1243
1745947029,29,1243
1745947030,31,1243
1745947031,30,1243
1745947032,30,1243
1745947033,31,1243
1745947034,31,1243
1745947035,29,1243
1745947036,31,1243
1745947037,30,1243
1745947038,31,1243
1745947039,31,1243
1745947040,32,1243
1745947041,31,1243
1745947042,32,1243
1745947043,31,1243
1745947044,32,1243
1745947045,32,1243
1745947046,31,1243
1745947047,32,1243
1745947048,32,1243
1745947049,31,1243
1745947050,32,1243
1745947051,32,1243
1745947052,32,1243
1745947053,31,1243
1745947054,30,1243
1745947055,31,1243
1745947056,33,1243
1745947057,32,1243
1745947058,32,1243
1745947059,30,1243
1745947060,30,1243
1745947061,29,1243
1745947062,31,1243
1745947063,30,1243
1745947064,29,1243
1745947065,33,1243
1745947066,32,1243
1745947067,31,1243
1745947068,32,1243
1745947069,33,1243
1745947070,33,1243
1745947071,30,1243
1745947072,30,1243
1745947073,31,1243
1745947074,31,1243
1745947075,31,1243
1745947076,31,1243
1745947077,31,1243
1745947078,32,1243
1745947080,31,1243
1745947081,31,1243
1745947082,32,1243
1745947083,30,1243
1745947084,30,1243
1745947085,31,1243
1745947086,29,1243
1745947087,31,1243
1745947088,31,1243
1745947089,30,1243
1745947090,31,1243
1745947091,30,1243
1745947092,31,1285
1745947093,31,1285
1745947094,31,1285
1745947095,30,1285
1745947096,29,1285
1745947097,31,1285
1745947098,32,1285
1745947099,30,1285
1745947100,31,1285
1745947101,31,1285
1745947102,30,1285
1745947103,31,1285
1745947104,31,1285
1745947105,32,1285
1745947106,31,1285
1745947107,30,1285
1745947108,32,1285
1745947109,32,1285
1745947110,31,1285
1745947111,31,1285
1745947112,31,1285
1745947113,31,1285
1745947114,32,1285
1745947115,32,1285
1745947116,33,1285
1745947117,32,1285
1745947118,33,1285
1745947119,32,1285
1745947120,30,1285
1745947121,32,1285
1745947122,30,1285
1745947123,32,1285
1745947124,32,1285
1745947125,31,1285
1745947126,32,1285
1745947127,32,1285
1745947128,32,1285
1745947129,31,1285
1745947130,30,1285
1745947132,31,1285
1745947133,32,1285
1745947134,31,1285
1745947135,31,1285
1745947136,32,1285
1745947137,32,1285
1745947138,32,1285
1745947139,32,1285
1745947140,30,1285
1745947141,30,1285
1745947142,29,1285
1745947143,31,1285
1745947144,31,1285
1745947145,30,1285
1745947146,29,1285
1745947147,31,1285
1745947148,30,1285
1745947149,32,1285
1745947150,30,1285
1745947151,31,1285
1745947152,32,1285
1745947153,32,1285
1745947154,31,1285
1745947155,31,1285
1745947156,30,1285
1745947157,30,1285
1745947158,29,1285
1745947159,32,1285
1745947160,31,1285
1745947161,29,1285
1745947162,30,1285
1745947163,31,1285
1745947164,30,1285
1745947165,30,1285
1745947166,30,1285
1745947167,30,1285
1745947168,31,1285
1745947169,32,1285
1745947170,31,1285
1745947171,32,1285
1745947172,32,1285
1745947173,32,1285
1745947174,32,1285
1745947175,32,1285
1745947176,30,1285
1745947177,31,1285
1745947178,32,1285
1745947179,31,1285
1745947180,30,1285
1745947181,32,1285
1745947182,32,1285
1745947183,31,1285
1745947185,32,1285
1745947186,32,1285
1745947187,29,1285
1745947188,31,1285
1745947189,31,1285
1745947190,29,1285
1745947191,31,1285
1745947192,31,1285
1745947193,32,1285
1745947194,32,1285
1745947195,32,1285
1745947196,32,1285
1745947197,32,1285
1745947198,30,1285
1745947199,31,1285
1745947200,30,1285
1745947201,31,1285
1745947202,31,1285
1745947203,31,1285
1745947204,32,1285
1745947205,30,1285
1745947206,31,1285
1745947207,32,1285
1745947208,32,1285
1745947209,32,1285
1745947210,30,1285
1745947211,30,1285
1745947212,31,1285
1745947213,32,1285
1745947214,32,1285
1745947215,32,1285
1745947216,33,1285
1745947217,32,1285
1745947218,32,1285
1745947219,32,1285
1745947220,32,1285
1745947221,31,1285
1745947222,32,1285
1745947223,30,1285
1745947224,30,1285
1745947225,31,1285
1745947226,32,1285
1745947227,31,1285
1745947228,32,1285
1745947229,31,1285
1745947230,31,1285
1745947231,31,1285
1745947232,31,1285
1745947233,30,1285
1745947234,30,1285
1745947235,31,1285
1745947237,31,1285
1745947238,31,1285
1745947239,31,1285
1745947240,30,1285
1745947241,30,1285
1745947242,30,1285
1745947243,31,1285
1745947244,32,1285
1745947245,31,1285
1745947246,31,1285
1745947247,32,1285
1745947248,30,1285
1745947249,30,1285
1745947250,31,1285
1745947251,31,1285
1745947252,31,1285
1745947253,32,1285
1745947254,32,1285
1745947255,32,1285
1745947256,31,1285
1745947257,32,1285
1745947258,31,1285
1745947259,32,1285
1745947260,31,1285
1745947261,32,1285
1745947262,32,1285
1745947263,32,1285
1745947264,31,1285
1745947265,30,1285
1745947266,32,1285
1745947267,33,1285
1745947268,31,1285
1745947269,31,1285
1745947270,32,1285
1745947271,32,1285
1745947272,31,1285
1745947273,33,1285
1745947274,32,1285
1745947275,32,1285
1745947276,32,1285
1745947277,32,1285
1745947278,32,1285
1745947279,33,1285
1745947280,33,1285
1745947281,33,1285
1745947282,33,1285
1745947283,32,1285
1745947284,32,1285
1745947285,32,1285
1745947286,31,1285
1745947287,32,1285
1745947288,32,1285
1745947290,32,1285
1745947291,32,1285
1745947292,31,1285
1745947293,29,1285
1745947294,32,1285
1745947295,32,1285
1745947296,32,1285
1745947297,32,1285
1745947298,32,1285
1745947299,31,1285
1745947300,32,1285
1745947301,32,1285
1745947302,31,1285
1745947303,29,1285
1745947304,30,1285
1745947305,31,1285
1745947306,31,1285
1745947307,32,1285
1745947308,31,1285
1745947309,31,1285
1745947310,30,1285
1745947311,32,1285
1745947312,32,1285
1745947313,32,1285
1745947314,31,1285
1745947315,31,1285
1745947316,32,1285
1745947317,32,1285
1745947318,31,1285
1745947319,32,1285
1745947320,32,1285
1745947321,32,1285
1745947322,32,1285
1745947323,32,1285
1745947324,32,1285
1745947325,32,1285
1745947326,31,1285
1745947327,30,1285
1745947328,31,1285
1745947329,31,1285
1745947330,31,1285
1745947331,32,1285
1745947332,31,1285
1745947333,32,1285
1745947334,32,1285
1745947335,32,1285
1745947336,31,1285
1745947337,31,1285
1745947338,31,1285
1745947339,32,1285
1745947340,0,1285
1745947342,0,1285
1745947343,0,1285
1745947344,0,1285
1745947345,0,1285
1745947346,0,1285
1745947347,0,1285
1745947348,0,1285
1745947349,0,1285
1745947350,0,1285
1745947351,0,1285
1745947352,0,1285
1745947353,0,1285
1745947354,0,1285
1745947355,0,1285
1745947356,0,1285
1745947357,0,1285
1745947358,0,1285
1745947359,0,1285
1745947360,0,1285
1745947361,0,1285
1745947362,0,1285
1745947363,0,1285
1745947364,0,1285
1745947365,0,1285
1745947366,0,1285
1745947367,0,1285
1745947368,0,1285
1745947369,0,1285
1745947370,0,1285
1745947371,0,1285
1745947372,0,1285
1745947373,0,1285
1745947374,0,1285
1745947375,0,1285
1745947376,0,1285
1745947377,0,1285
1745947378,0,1285
1745947379,0,1285
1745947380,0,1285
1745947381,0,1285
1745947382,0,1285
1745947383,0,1285
1745947384,0,1285
1745947385,0,1285
1745947386,0,1285
1745947387,0,1285
1745947388,0,1285
1745947389,0,1285
1745947390,0,1285
1745947391,0,1285
1745947392,0,1285
1745947393,0,1285
1745947395,0,1285
1745947396,0,1285
1745947397,0,1285
1745947398,0,1285
1745947399,0,1285
1745947400,0,1285
1745947401,0,1285
1745947402,0,1285
1745947403,0,1285
1745947404,0,1285
1745947405,0,1285
1745947406,0,1285
1745947407,0,1285
1745947408,0,1285
1745947409,0,1285
1745947410,0,1285
1745947411,0,1285
1745947412,0,1285
1745947413,0,1285
1745947414,0,1285
1745947415,0,1285
1745947416,0,1285
1745947417,0,1285
1745947418,0,1285
1745947419,0,1285
1745947420,0,1285
1745947421,0,1285
1745947422,0,1285
1745947423,0,1285
1745947424,0,1285
1745947425,0,1285
1745947426,0,1285
1745947427,0,1285
1745947428,0,1285
1745947429,0,1285
1745947430,0,1285
1745947431,0,1285
1745947432,0,1285
1745947433,0,1285
1745947434,0,1285
1745947435,0,1285
1745947436,0,1285
1745947437,0,1285
1745947438,0,1285
1745947439,0,1285
1745947440,0,1285
1745947441,0,1285
1745947442,0,1285
1745947443,0,1285
1745947444,0,1285
1745947445,0,1285
1745947447,0,1285
1745947448,0,1285
1745947449,0,1285
1745947450,0,1285
1745947451,0,1285
1745947452,0,1285
1745947453,0,1285
1745947454,0,1285
1745947455,0,1285
1745947456,0,1285
1745947457,0,1285
1745947458,0,1285
1745947459,0,1285
1745947460,0,1285
1745947461,0,1285
1745947462,0,1285
1745947463,0,1285
1745947464,0,1285
1745947465,0,1285
1745947466,0,1285
1745947467,0,1285
1745947468,0,1285
1745947469,0,1285
1745947470,0,1285
1745947471,0,1285
1745947472,0,1285
1745947473,0,1285
1745947474,0,1285
1745947475,0,1285
1745947476,0,1285
1745947477,0,1285
1745947478,0,1285
1745947479,0,1285
1745947480,0,1285
1745947481,0,1285
1745947482,0,1285
1745947483,0,1285
1745947484,0,1285
1745947485,0,1285
1745947486,0,1285
1745947487,0,1285
1745947488,0,1285
1745947489,0,1285
1745947490,0,1285
1745947491,0,1285
1745947492,0,1285
1745947493,0,1285
1745947494,0,1285
1745947495,0,1285
1745947496,0,1285
1745947497,0,1285
1745947498,0,1285
1745947500,0,1285
1745947501,0,1285
1745947502,0,1285
1745947503,0,1285
1745947504,0,1285
1745947505,0,1285
1745947506,0,1285
1745947507,0,1285
1745947508,0,1285
1745947509,0,1285
1745947510,0,1285
1745947511,0,1285
1745947512,0,1285
1745947513,0,1285
1745947514,0,1285
1745947515,0,1285
1745947516,0,1285
1745947517,0,1285
1745947518,0,1285
1745947519,0,1285
1745947520,0,1285
1745947521,0,1285
1745947522,0,1285
1745947523,0,1285
1745947524,0,1285
1745947525,0,1285
1745947526,0,1285
1745947527,0,1285
1745947528,0,1285
1745947529,0,1285
1745947530,0,1285
1745947531,0,1285
1745947532,0,1285
1745947533,0,1285
1745947534,0,1285
1745947535,0,1285
1745947536,0,1285
1745947537,0,1285
1745947538,0,1285
1745947539,0,1285
1745947540,0,1285
1745947541,0,1285
1745947542,0,1285
1745947543,0,1285
1745947544,0,1285
1745947545,0,1285
1745947546,0,1285
1745947547,0,1285
1745947548,0,1285
1745947549,0,1285
1745947550,0,1285
1745947551,0,1285
1745947553,0,1285
1745947554,0,1285
1745947555,0,1285
1745947556,0,1285
1745947557,0,1285
1745947558,0,1285
1745947559,0,1285
1745947560,0,1285
1745947561,0,1285
1745947562,0,1285
1745947563,0,1285
1745947564,0,1285
1745947565,0,1285
1745947566,0,1285
1745947567,0,1285
1745947568,0,1285
1745947569,0,1285
1745947570,0,1285
1745947571,0,1285
1745947572,0,1285
1745947573,0,1285
1745947574,0,1285
1745947575,0,1285
1745947576,0,1285
1745947577,0,1285
1745947578,0,1285
1745947579,0,1285
1745947580,0,1285
1745947581,0,1285
1745947582,0,1285
1745947583,0,1285
1745947584,0,1285
1745947585,0,1285
1745947586,0,1285
1745947587,0,1285
1745947588,0,1285
1745947589,0,1285
1745947590,0,1285
1745947591,0,1285
1745947592,0,1285
1745947593,0,1285
1745947594,0,1285
1745947595,0,1285
1745947596,0,1285
1745947597,0,1285
1745947598,0,1285
1745947599,0,1285
1745947600,0,1285
1745947601,0,1285
1745947602,0,1285
1745947603,0,1285
1745947605,0,1285
1745947606,0,1285
1745947607,0,1285
1745947608,0,1285
1745947609,0,1285
1745947610,0,1285
1745947611,0,1285
1745947612,0,1285
1745947613,0,1285
1745947614,0,1285
1745947615,0,1285
1745947616,0,1285
1745947617,0,1285
1745947618,0,1285
1745947619,0,1285
1745947620,0,1285
1745947621,0,1285
1745947622,0,1285
1745947623,0,1285
1745947624,0,1285
1745947625,0,1285
1745947626,0,1285
1745947627,0,1285
1745947628,0,1285
1745947629,0,1285
1745947630,0,1285
1745947631,0,1285
1745947632,0,1285
1745947633,0,1285
1745947634,0,1285
1745947635,0,1285
1745947636,0,1285
1745947637,0,1285
1745947638,0,1285
1745947639,0,1285
1745947640,0,1285
1745947641,0,1285
1745947642,0,1285
1745947643,0,1285
1745947644,0,1285
1745947645,0,1285
1745947646,0,1285
1745947647,0,1285
1745947648,0,1285
1745947649,0,1285
1745947650,0,1285
1745947651,0,1285
1745947652,0,1285
1745947653,0,1285
1745947654,0,1285
1745947655,0,1285
1745947656,0,1285
1745947658,0,1285
1745947659,0,1285
1745947660,0,1285
1745947661,0,1285
1745947662,0,1285
1745947663,0,1285
1745947664,0,1285
1745947665,0,1285
1745947666,0,1285
1745947667,0,1285
1745947668,0,1285
1745947669,0,1285
1745947670,0,1285
1745947671,0,1285
1745947672,0,1285
1745947673,0,1285
1745947674,0,1285
1745947675,0,1285
1745947676,0,1285
1745947677,0,1285
1745947678,0,1285
1745947679,0,1285
1745947680,0,1285
1745947681,0,1285
1745947682,0,1285
1745947683,0,1285
1745947684,0,1285
1745947685,0,1285
1745947686,0,1285
1745947687,0,1285
1745947688,0,1285
1745947689,0,1285
1745947690,0,1285
1745947691,0,1285
1745947692,0,1285
1745947693,0,1285
1745947694,0,1285
1745947695,0,1285
1745947696,0,1285
1745947697,0,1285
1745947698,0,1285
1745947699,0,1285
1745947700,0,1285
1745947701,0,1285
1745947702,0,1285
1745947703,0,1285
